line,conv,group,name,text,sentiment
L1045,u0,m0,BIANCA,They do not!,negative
L1044,u2,m0,CAMERON,They do to!,neutral
L985,u0,m0,BIANCA,I hope so.,positive
L984,u2,m0,CAMERON,She okay?,positive
L925,u0,m0,BIANCA,Let's go.,neutral
L924,u2,m0,CAMERON,Wow,positive
L872,u0,m0,BIANCA,Okay you're gonna need to learn how to lie.,negative
L871,u2,m0,CAMERON,No,negative
L870,u0,m0,BIANCA,I'm kidding. You know how sometimes you just become this persona? And you don't know how to quit?,negative
L869,u0,m0,BIANCA,Like my fear of wearing pastels?,negative
L868,u2,m0,CAMERON,The real you.,positive
L867,u0,m0,BIANCA,What good stuff?,neutral
L866,u2,m0,CAMERON,I figured you'd get to the good stuff eventually.,positive
L865,u2,m0,CAMERON,Thank God! If I had to hear one more story about your coiffure,positive
L864,u0,m0,BIANCA,Me. This endless blonde babble. I'm like boring myself.,negative
L863,u2,m0,CAMERON,What crap?,negative
L862,u0,m0,BIANCA,do you listen to this crap?,negative
L861,u2,m0,CAMERON,No,negative
L860,u0,m0,BIANCA,Then Guillermo says If you go any lighter you're gonna look like an extra on 90210.,negative
L699,u2,m0,CAMERON,You always been this selfish?,negative
L698,u0,m0,BIANCA,But,negative
L697,u2,m0,CAMERON,Then that's all you had to say.,negative
L696,u0,m0,BIANCA,Well no,negative
L695,u2,m0,CAMERON,You never wanted to go out with 'me did you?,negative
L694,u0,m0,BIANCA,I was?,negative
L693,u2,m0,CAMERON,I looked for you back at the party but you always seemed to be occupied.,negative
L663,u0,m0,BIANCA,Tons,positive
L662,u2,m0,CAMERON,Have fun tonight?,positive
L578,u2,m0,CAMERON,I believe we share an art instructor,positive
L577,u0,m0,BIANCA,You know Chastity?,neutral
L576,u2,m0,CAMERON,Looks like things worked out tonight huh?,positive
L575,u0,m0,BIANCA,Hi.,neutral
L407,u0,m0,BIANCA,Who knows? All I've ever heard her say is that she'd dip before dating a guy that smokes.,neutral
L406,u2,m0,CAMERON,So that's the kind of guy she likes? Pretty ones?,positive
L405,u0,m0,BIANCA,Lesbian? No. I found a picture of Jared Leto in one of her drawers so I'm pretty sure she's not harboring samesex tendencies.,negative
L404,u2,m0,CAMERON,She's not a,negative
L403,u2,m0,CAMERON,I'm workin' on it. But she doesn't seem to be goin' for him.,negative
L402,u0,m0,BIANCA,I really really really wanna go but I can't. Not unless my sister goes.,negative
L401,u2,m0,CAMERON,Sure have.,neutral
L368,u0,m0,BIANCA,Eber's Deep Conditioner every two days. And I never ever use a blowdryer without the diffuser attachment.,positive
L367,u2,m0,CAMERON,How do you get your hair to look like that?,neutral
L366,u0,m0,BIANCA,You're sweet.,positive
L365,u2,m0,CAMERON,You have my word. As a gentleman,positive
L364,u0,m0,BIANCA,I counted on you to help my cause. You and that thug are obviously failing. Aren't we ever going on our date?,negative
L363,u2,m0,CAMERON,You got something on your mind?,negative
L281,u0,m0,BIANCA,Where?,negative
L280,u2,m0,CAMERON,There.,neutral
L277,u2,m0,CAMERON,Well there's someone I think might be,positive
L276,u0,m0,BIANCA,How is our little Find the Wench A Date plan progressing?,neutral
L275,u0,m0,BIANCA,Forget French.,negative
L274,u2,m0,CAMERON,That's because it's such a nice one.,positive
L273,u0,m0,BIANCA,I don't want to know how to say that though. I want to know useful things. Like where the good stores are. How much does champagne cost? Stuff like Chat. I have never in my life had to point out my head to someone.,neutral
L272,u2,m0,CAMERON,Right. See? You're ready for the quiz.,negative
L271,u0,m0,BIANCA,C'esc ma tete. This is my head,negative
L208,u2,m0,CAMERON,Let me see what I can do.,neutral
L207,u0,m0,BIANCA,Gosh if only we could find Kat a boyfriend,positive
L206,u2,m0,CAMERON,That's a shame.,negative
L205,u0,m0,BIANCA,Unsolved mystery. She used to be really popular when she started high school then it was just like she got sick of it or something.,negative
L204,u2,m0,CAMERON,Why?,negative
L203,u2,m0,CAMERON,Seems like she could get a date easy enough,positive
L202,u0,m0,BIANCA,The thing is Cameron I'm at the mercy of a particularly hideous breed of loser. My sister. I can't date until she does.,negative
L201,u2,m0,CAMERON,Cameron.,positive
L200,u0,m0,BIANCA,No no it's my fault we didn't have a proper introduction,negative
L199,u2,m0,CAMERON,Forget it.,negative
L198,u0,m0,BIANCA,You're asking me out. That's so cute. What's your name again?,positive
L197,u2,m0,CAMERON,Okay then how 'bout we try out some French cuisine. Saturday? Night?,neutral
L196,u0,m0,BIANCA,Not the hacking and gagging and spitting part. Please.,negative
L195,u2,m0,CAMERON,Well I thought we'd start with pronunciation if that's okay with you.,negative
L194,u0,m0,BIANCA,Can we make this quick? Roxanne Korrine and Andrew Barrett are having an incredibly horrendous public break up on the quad. Again.,negative
L953,u0,m0,BIANCA,I did.,positive
L952,u3,m0,CHASTITY,You think you ' re the only sophomore at the prom?,negative
L660,u3,m0,CHASTITY,I don't have to be home 'til two.,positive
L659,u0,m0,BIANCA,I have to be home in twenty minutes.,negative
L600,u3,m0,CHASTITY,All I know is I'd give up my private line to go out with a guy like Joey.,positive
L599,u0,m0,BIANCA,Sometimes I wonder if the guys we're supposed to want to go out with are the ones we actually want to go out with you know?,neutral
L598,u3,m0,CHASTITY,Bianca I don't think the highlights of dating Joey Dorsey are going to include dooropening and coatholding.,neutral
L597,u0,m0,BIANCA,Combination. I don't know I thought he'd be different. More of a gentleman,positive
L596,u3,m0,CHASTITY,Is he oily or dry?,negative
L595,u0,m0,BIANCA,He practically proposed when he found out we had the same dermatologist. I mean. Dr. Bonchowski is great an all but he's not exactly relevant party conversation.,positive
L580,u0,m0,BIANCA,Would you mind getting me a drink Cameron?,neutral
L579,u3,m0,CHASTITY,Great,positive
L573,u0,m0,BIANCA,Joey.,positive
L572,u3,m0,CHASTITY,Who?,neutral
L571,u0,m0,BIANCA,Where did he go? He was just here.,negative
L51,u0,m0,BIANCA,You might wanna think about it,neutral
L50,u3,m0,CHASTITY,No.,negative
L49,u0,m0,BIANCA,Did you change your hair?,negative
L760,u0,m0,BIANCA,You know the deal. I can ' t go if Kat doesn't go,neutral
L759,u4,m0,JOEY,Listen I want to talk to you about the prom.,neutral
L758,u4,m0,JOEY,You're concentrating awfully hard considering it's gym class.,neutral
L757,u0,m0,BIANCA,Hi Joey.,neutral
L756,u4,m0,JOEY,Hey sweet cheeks.,positive
L593,u4,m0,JOEY,My agent says I've got a good shot at being the Prada guy next year.,positive
L592,u0,m0,BIANCA,Neat,positive
L591,u4,m0,JOEY,It's a gay cruise line but I'll be like wearing a uniform and stuff.,positive
L590,u0,m0,BIANCA,Queen Harry?,positive
L589,u4,m0,JOEY,So yeah I've got the Sears catalog thing going and the tube sock gig that's gonna be huge. And then I'm up for an ad for Queen Harry next week.,positive
L397,u0,m0,BIANCA,Hopefully.,positive
L396,u4,m0,JOEY,Exactly So you going to Bogey Lowenbrau's thing on Saturday?,negative
L395,u0,m0,BIANCA,Expensive?,negative
L394,u4,m0,JOEY,It's more,positive
L1052,u5,m0,KAT,Perm?,neutral
L1051,u0,m0,BIANCA,Patrick is that a.,positive
L1022,u5,m0,KAT,It's just you.,positive
L1021,u0,m0,BIANCA,Is that woman a complete fruitloop or is it just me?,positive
L1011,u0,m0,BIANCA,No! I just wanted,positive
L1010,u5,m0,KAT,What? To completely damage me? To send me to therapy forever? What?,negative
L1009,u0,m0,BIANCA,I just wanted,positive
L1008,u5,m0,KAT,You set me up.,negative
L1007,u0,m0,BIANCA,Let go!,neutral
L983,u5,m0,KAT,So did you,positive
L982,u0,m0,BIANCA,You looked beautiful last night you know.,positive
L914,u0,m0,BIANCA,I guess I'll never know will I?,negative
L913,u5,m0,KAT,Not all experiences are good Bianca. You can't always trust the people you want to.,negative
L912,u0,m0,BIANCA,God you're just like him! Just keep me locked away in the dark so I can't experience anything for myself,negative
L911,u5,m0,KAT,I guess I thought I was protecting you.,negative
L910,u0,m0,BIANCA,I'm not stupid enough to repeat your mistakes.,negative
L909,u5,m0,KAT,That's not,negative
L908,u0,m0,BIANCA,No. you didn't! If you really thought I could make my own decisions you would've let me go out with him instead of helping Daddy hold me hostage.,negative
L907,u5,m0,KAT,I wanted to let you make up your own mind about him.,positive
L906,u0,m0,BIANCA,Why didn't you tell me?,negative
L905,u5,m0,KAT,After that I swore I'd never do anything just because everyone else was doing it. And I haven't since. Except for Bogey's party and my stunning gastrointestinal display,positive
L904,u0,m0,BIANCA,But,negative
L903,u5,m0,KAT,Just once. Afterwards I told him I didn't want to anymore. I wasn't ready. He got pissed. Then he broke up with me.,negative
L902,u0,m0,BIANCA,You did what?,negative
L901,u5,m0,KAT,He said everyone was doing it. So I did it.,positive
L900,u0,m0,BIANCA,As in,neutral
L899,u5,m0,KAT,Now I do. Back then was a different story.,negative
L898,u0,m0,BIANCA,But you hate Joey,negative
L897,u5,m0,KAT,He was like a total babe,positive
L896,u0,m0,BIANCA,Why?,negative
L895,u5,m0,KAT,In 9th. For a month,positive
L894,u0,m0,BIANCA,What?,negative
L893,u5,m0,KAT,Joey never told you we went out did he?,negative
L892,u0,m0,BIANCA,I wish I had that luxury. I'm the only sophomore that got asked to the prom and I can't go because you won ' t.,negative
L891,u5,m0,KAT,I do care. But I'm a firm believer in doing something for your own reasons not someone else ' s .,negative
L890,u0,m0,BIANCA,Like you care.,positive
L889,u5,m0,KAT,Listen I know you hate having to sit home because I'm not Susie High School.,negative
L656,u5,m0,KAT,You're welcome.,positive
L655,u0,m0,BIANCA,I don't get you. You act like you're too good for any of this and then you go totally apeshit when you get here.,negative
L602,u0,m0,BIANCA,I really don't think I need any social advice from you right now.,negative
L601,u5,m0,KAT,Bianca I need to talk to you I need to tell you,neutral
L543,u5,m0,KAT,Can we go now?,neutral
L542,u0,m0,BIANCA,You are so completely unbalanced.,negative
L533,u0,m0,BIANCA,Yeah he's your freak friend Mandella's boyfriend. I guess since I'm not allowed to go out I should obsess over a dead guy too.,negative
L532,u5,m0,KAT,It's Shakespeare. Maybe you've heard of him?,neutral
L531,u0,m0,BIANCA,Like I'm supposed to know what that even means.,negative
L530,u5,m0,KAT,At least I'm not a clouted fen sucked hedgepig.,positive
L529,u0,m0,BIANCA,Can't you forget for just one night that you're completely wretched?,negative
L527,u0,m0,BIANCA,Bogey Lowenstein's party is normal but you're too busy listening to Bitches Who Need Prozac to know that.,neutral
L526,u5,m0,KAT,What's normal?,neutral
L525,u0,m0,BIANCA,You're ruining my life' Because you won't be normal I can't be normal.,negative
L445,u0,m0,BIANCA,I think you're a freak. I think you do this to torture me. And I think you suck.,negative
L444,u5,m0,KAT,What do you think?,negative
L443,u0,m0,BIANCA,Oh I thought you might have a date I don't know why I'm bothering to ask but are you going to Bogey Lowenstein's party Saturday night?,negative
L442,u5,m0,KAT,It means that Gigglepuss is playing at Club Skunk and we're going.,positive
L441,u0,m0,BIANCA,Oh my God does this mean you're becoming normal?,negative
L320,u0,m0,BIANCA,Can you at least start wearing a bra?,neutral
L319,u5,m0,KAT,I have the potential to smack the crap out of you if you don't get out of my way.,negative
L165,u0,m0,BIANCA,Nowhere Hi Daddy.,positive
L164,u5,m0,KAT,Where've you been?,negative
L923,u0,m0,BIANCA,I have a date Daddy. And he ' s not a captain of oppression like some men we know.,positive
L922,u11,m0,WALTER,I'm missing something.,negative
L884,u0,m0,BIANCA,Fine. I see that I'm a prisoner in my own house. I'm not a daughter. I'm a possession!,negative
L883,u11,m0,WALTER,You're not going unless your sister goes. End of story.,neutral
L882,u0,m0,BIANCA,He's not a hot rod. Whatever that is.,negative
L881,u11,m0,WALTER,It's that hot rod Joey right? That ' s who you want me to bend my rules for?,positive
L880,u0,m0,BIANCA,No but,negative
L879,u11,m0,WALTER,The prom? Kat has a date?,positive
L878,u0,m0,BIANCA,Daddy I want to discuss the prom with you. It's tomorrow night,neutral
L546,u11,m0,WALTER,Because she'll scare them away.,negative
L545,u0,m0,BIANCA,Why?,negative
L544,u11,m0,WALTER,Promise me you won't talk to any boys unless your sister is present.,negative
L540,u11,m0,WALTER,Just for a minute,positive
L539,u0,m0,BIANCA,Daddy no!,neutral
L538,u11,m0,WALTER,Wear the belly before you go.,neutral
L537,u0,m0,BIANCA,It's just a party. Daddy.,positive
L536,u11,m0,WALTER,Oh God. It's starting.,positive
L524,u11,m0,WALTER,If Kat's not going you're not going.,negative
L523,u0,m0,BIANCA,Daddy people expect me to be there!,negative
L521,u0,m0,BIANCA,It's just a party. Daddy but I knew you'd forbid me to go since Gloria Steinem over there isn't going,negative
L520,u11,m0,WALTER,Otherwise known as an orgy?,neutral
L519,u0,m0,BIANCA,If you must know we were attempting to go to a small study group of friends.,neutral
L518,u11,m0,WALTER,And where're you going?,negative
L517,u0,m0,BIANCA,Daddy I,positive
L190,u11,m0,WALTER,Exactly my point,positive
L189,u0,m0,BIANCA,But she doesn't want to date.,negative
L183,u0,m0,BIANCA,But it's not fair she's a mutant Daddy!,negative
L182,u11,m0,WALTER,Then neither will you. And I'll get to sleep at night.,negative
L181,u0,m0,BIANCA,What if she never starts dating?,negative
L180,u11,m0,WALTER,No! You're not dating until your sister starts dating. End of discussion.,negative
L179,u0,m0,BIANCA,Now don't get upset. Daddy but there's this boy and I think he might ask,positive
L463,u1,m0,BRUCE,Just sent 'em through.,positive
L462,u9,m0,PATRICK,Padua girls. One tall decent body. The other one kinda short and undersexed?,positive
L461,u1,m0,BRUCE,Never,negative
L460,u9,m0,PATRICK,Fan of a fan. You see a couple of minors come in?,neutral
L459,u1,m0,BRUCE,Didn't have you pegged for a Gigglepuss fan. Aren't they a little too preteen bellybutton ring for you?,negative
L458,u9,m0,PATRICK,Always a pleasure Brucie.,positive
L779,u7,m0,MICHAEL,Best case scenario you're back on the payroll for awhile.,positive
L778,u2,m0,CAMERON,You humiliated the woman! Sacrifice yourself on the altar of dignity and even the score.,neutral
L586,u2,m0,CAMERON,No I ' m not.,negative
L585,u7,m0,MICHAEL,Buttholus extremus. But hey you're making progress.,positive
L584,u2,m0,CAMERON,The hell is that? What kind of 'guy just picks up a girl and carries her away while you're talking to her?,negative
L583,u7,m0,MICHAEL,Extremely unfortunate maneuver.,negative
L500,u2,m0,CAMERON,Hell I've just been going over the whole thing in my head and ,negative
L499,u7,m0,MICHAEL,You told me that part already.,negative
L433,u2,m0,CAMERON,It's her favorite band.,positive
L432,u7,m0,MICHAEL,Assail your ears for one night.,positive
L425,u2,m0,CAMERON,Okay! I wasn't sure,positive
L424,u7,m0,MICHAEL,He's pretty!,positive
L419,u7,m0,MICHAEL,Dead at fortyone.,negative
L418,u2,m0,CAMERON,Her favorite uncle,positive
L417,u7,m0,MICHAEL,It's a lung cancer issue,negative
L416,u2,m0,CAMERON,Number one. She hates smokers,negative
L391,u7,m0,MICHAEL,Are you kidding? He'll piss himself with joy. He's the ultimate kiss ass.,negative
L390,u2,m0,CAMERON,Will Bogey get bent?,neutral
L389,u7,m0,MICHAEL,In that case we'll need to make it a schoolwide blow out.,neutral
L388,u2,m0,CAMERON,This is it. A golden opportunity. Patrick can ask Katarina to the party.,positive
L245,u7,m0,MICHAEL,Like we had a choice? Besides when you let the enemy think he's orchestrating the battle you're in a position of power. We let him pretend he's calling the shots and while he's busy setting up the plan you have time to woo Bianca.,negative
L244,u2,m0,CAMERON,You got him involved?,negative
L225,u7,m0,MICHAEL,Hey I've gotta have a few clients when I get to Wall Street.,positive
L224,u2,m0,CAMERON,I thought you hated those people.,negative
L223,u7,m0,MICHAEL,You know if you do go out with Bianca you'd be set. You'd outrank everyone. Strictly Alist. With me by your side.,neutral
L222,u2,m0,CAMERON,That's what I just said,negative
L221,u7,m0,MICHAEL,Did she actually say she'd go out with you?,negative
L220,u2,m0,CAMERON,Forget his reputation. Do you think we've got a plan or not?,negative
L219,u7,m0,MICHAEL,I'm serious man he's whacked. He sold his own liver on the black market so he could buy new speakers.,negative
L218,u2,m0,CAMERON,They always let felons sit in on Honors Biology?,negative
L217,u7,m0,MICHAEL,No kidding. He's a criminal. I heard he lit a state trooper on fire. He just got out of Alcatraz,negative
L216,u2,m0,CAMERON,He seems like he thrives on danger,negative
L215,u7,m0,MICHAEL,What makes you think he'll do it?,negative
L213,u7,m0,MICHAEL,You wanna go out with him?,neutral
L212,u2,m0,CAMERON,What about him?,negative
L211,u7,m0,MICHAEL,Unlikely but even so she still can't go out with you. So what's the point?,negative
L210,u2,m0,CAMERON,I teach her French get to know her dazzle her with charm and she falls in love with me.,positive
L159,u7,m0,MICHAEL,The mewling rampalian wretch herself.,positive
L158,u2,m0,CAMERON,That's her? Bianca's sister?,negative
L157,u7,m0,MICHAEL,Yeah just a minor encounter with the shrew.,positive
L147,u7,m0,MICHAEL,You could consecrate with her my friend.,neutral
L146,u2,m0,CAMERON,You mean I'd get a chance to talk to her?,negative
L145,u7,m0,MICHAEL,Guess who just signed up for a tutor?,positive
L144,u2,m0,CAMERON,Sure do  my Mom's from Canada,neutral
L143,u7,m0,MICHAEL,You know French?,neutral
L142,u7,m0,MICHAEL,Joey Dorsey? Permashitgrin. I wish I could say he's a moron but he's number twelve in the class. And a model. Mostly regional stuff but he's rumored to have a big tube sock ad coming out.,positive
L141,u2,m0,CAMERON,He always have that shiteating grin?,positive
L140,u7,m0,MICHAEL,Because they're bred to. Their mothers liked guys like that and their grandmothers before them. Their gene pool is rarely diluted.,negative
L139,u2,m0,CAMERON,Why do girls like that always like guys like that?,negative
L92,u7,m0,MICHAEL,I could start with your haircut but it doesn't matter. She's not allowed to date until her older sister does. And that's an impossibility.,negative
L91,u2,m0,CAMERON,Why not?,negative
L90,u7,m0,MICHAEL,Bianca Stratford. Sophomore. Don't even think about it,negative
L89,u2,m0,CAMERON,Who is she?,neutral
L88,u7,m0,MICHAEL,You burn you pine you perish?,negative
L87,u2,m0,CAMERON,That girl I,positive
L78,u7,m0,MICHAEL,Yeah but these guys have never seen a horse. They just jack off to Clint Eastwood.,positive
L77,u2,m0,CAMERON,That I'm used to.,positive
L74,u7,m0,MICHAEL,Couple thousand. Most of them evil,negative
L73,u2,m0,CAMERON,How many people go here?,neutral
L72,u7,m0,MICHAEL,Get out!,neutral
L71,u2,m0,CAMERON,Thirtytwo.,positive
L70,u7,m0,MICHAEL,How many people were in your old school?,negative
L69,u2,m0,CAMERON,Yeah. A couple. We're outnumbered by the cows though.,positive
L68,u7,m0,MICHAEL,I was kidding. People actually live there?,negative
L67,u2,m0,CAMERON,North actually. How'd you,neutral
L66,u7,m0,MICHAEL,So which Dakota you from?,negative
L65,u7,m0,MICHAEL,C'mon. I'm supposed to give you the tour.,neutral
L64,u2,m0,CAMERON,So they tell me,neutral
L63,u7,m0,MICHAEL,You the new guy?,positive
L781,u2,m0,CAMERON,You get the girl.,positive
L780,u9,m0,PATRICK,What's the worst?,negative
L745,u9,m0,PATRICK,Where?,negative
L744,u2,m0,CAMERON,She kissed me.,positive
L743,u9,m0,PATRICK,You makin' any headway?,negative
L741,u9,m0,PATRICK,She just needs time to cool off I'll give it a day.,positive
L740,u2,m0,CAMERON,She hates you with the fire of a thousand suns . That's a direct quote,positive
L726,u9,m0,PATRICK,I don ' t know. I decided not to nail her when she was too drunk to remember it.,negative
L725,u2,m0,CAMERON,What'd you do to her?,negative
L625,u9,m0,PATRICK,Then go get her,neutral
L624,u2,m0,CAMERON,Sure,neutral
L623,u9,m0,PATRICK,Cameron do you like the girl?,neutral
L622,u2,m0,CAMERON,She's partial to Joey not me,negative
L621,u9,m0,PATRICK,What 're you talking about?,negative
L620,u2,m0,CAMERON,It's off. The whole thing.,positive
L619,u9,m0,PATRICK,Cameron I'm a little busy,negative
L431,u9,m0,PATRICK,Don't make me do it man,negative
L430,u2,m0,CAMERON,Gigglepuss is playing there tomorrow night.,positive
L427,u9,m0,PATRICK,So what does that give me? I'm supposed to buy her some noodles and a book and sit around listening to chicks who can't play their instruments?,negative
L426,u2,m0,CAMERON,Okay Likes: Thai food feminist prose and angry stinky girl music of the indierock persuasion.,neutral
L412,u2,m0,CAMERON,I've retrieved certain pieces of information on Miss Katarina Stratford I think you'll find helpful.,neutral
L411,u9,m0,PATRICK,What've you got for me?,positive
L386,u9,m0,PATRICK,Yeah we'll see.,neutral
L385,u2,m0,CAMERON,And he means that strictly in a non prisonmovie type of way.,positive
L558,u4,m0,JOEY,And why would I do that?,negative
L557,u5,m0,KAT,Leave my sister alone.,negative
L556,u4,m0,JOEY,Your sister here?,neutral
L555,u5,m0,KAT,Away.,neutral
L554,u4,m0,JOEY,Where ya goin?,neutral
L336,u4,m0,JOEY,Not at all,negative
L335,u5,m0,KAT,Hey do you mind?,negative
L150,u4,m0,JOEY,They're running the rest of me next month.,negative
L149,u5,m0,KAT,Yeah and I noticed the only part of you featured in your big Kmart spread was your elbow. Tough break.,negative
L148,u4,m0,JOEY,The vintage look is over Kat. Haven't you been reading your Sassy?,neutral
L748,u4,m0,JOEY,Enough with the Barbie n' Ken shit. I know.,negative
L747,u9,m0,PATRICK,I don't know Dorsey. ..the limo.the flowers. Another hundred for the tux,positive
L609,u4,m0,JOEY,Get her to act like a human,neutral
L608,u9,m0,PATRICK,Do what?,neutral
L607,u4,m0,JOEY,How'd you do it?,neutral
L606,u4,m0,JOEY,A deal's a deal.,positive
L605,u9,m0,PATRICK,It's about time.,positive
L358,u9,m0,PATRICK,Forget her sister then.,negative
L357,u4,m0,JOEY,Forget it.,negative
L356,u9,m0,PATRICK,A hundred bucks a date.,neutral
L355,u4,m0,JOEY,What?,negative
L354,u9,m0,PATRICK,I just upped my price,positive
L352,u9,m0,PATRICK,I got her under control. She just acts crazed in public to keep up the image.,neutral
L351,u4,m0,JOEY,Watching the bitch trash my car doesn't count as a date.,negative
L350,u9,m0,PATRICK,I'm on it,neutral
L349,u4,m0,JOEY,When I shell out fifty I expect results.,neutral
L301,u9,m0,PATRICK,Fifty and you've got your man.,neutral
L300,u4,m0,JOEY,Take it or leave it. This isn't a negotiation.,neutral
L299,u4,m0,JOEY,Fine thirty.,positive
L298,u9,m0,PATRICK,I can't take a girl like that out on twenty bucks.,negative
L297,u9,m0,PATRICK,How much?,negative
L296,u4,m0,JOEY,I can't date her sister until that one gets a boyfriend. And that's the catch. She doesn't want a boyfriend.,negative
L295,u9,m0,PATRICK,You're gonna pay me to take out some girl?,negative
L294,u4,m0,JOEY,You got it Verona. I pick up the tab you do the honors.,neutral
L292,u4,m0,JOEY,But you'd go out with her if you had the cake?,neutral
L291,u9,m0,PATRICK,You need money to take a girl out,neutral
L290,u4,m0,JOEY,You just said,negative
L289,u9,m0,PATRICK,Sure Sparky. I'll get right on it.,positive
L288,u4,m0,JOEY,Yeah whatever. I want you to go out with her.,negative
L287,u9,m0,PATRICK,Two legs nice rack,positive
L286,u4,m0,JOEY,What do you think?,negative
L285,u9,m0,PATRICK,Yeah,neutral
L509,u7,m0,MICHAEL,Hey it's all for the higher good right?,positive
L508,u4,m0,JOEY,You better not fuck this up. I'm heavily invested.,negative
L505,u7,m0,MICHAEL,What? We took bathes together when we were kids.,positive
L504,u4,m0,JOEY,You and Verona?,negative
L503,u7,m0,MICHAEL,Uh yeah. We're old friend*,positive
L502,u4,m0,JOEY,I hear you're helpin' Verona.,positive
L240,u7,m0,MICHAEL,So what you need to do is recruit a guy who'll go out with her. Someone who's up for the job.,neutral
L239,u4,m0,JOEY,Does this conversation have a purpose?,negative
L238,u7,m0,MICHAEL,But she can't go out with you because her sister is this insane head case and no one will go out with her. right?,negative
L236,u4,m0,JOEY,We're not.,negative
L235,u7,m0,MICHAEL,Well actually I thought I'd run an idea by you. You know just to see if you're interested.,positive
L234,u4,m0,JOEY,We don't chat.,neutral
L233,u7,m0,MICHAEL,Nope  just came by to chat,negative
L232,u4,m0,JOEY,Are you lost?,negative
L231,u7,m0,MICHAEL,Hey.,positive
L949,u5,m0,KAT,Oh honey tell me we haven't' progressed to fullon hallucinations.,negative
L948,u6,m0,MANDELLA,William  he asked me to meet him here.,positive
L947,u5,m0,KAT,Who?,neutral
L946,u6,m0,MANDELLA,Have you seen him?,neutral
L755,u6,m0,MANDELLA,Oh good. Something new and different for us.,positive
L754,u5,m0,KAT,You ' re looking at this from the wrong perspective. We're making a statement.,neutral
L753,u6,m0,MANDELLA,Okay okay we won't go. It's not like I have a dress anyway,negative
L752,u5,m0,KAT,Listen to you! You sound like Betty all pissed off because Archie is taking Veronica.,negative
L751,u6,m0,MANDELLA,Well I guess we're not since we don't have dates .,negative
L750,u5,m0,KAT,Can you even imagine? Who the hell would go to this a bastion of commercial excess?,negative
L721,u5,m0,KAT,I got drunk. I puked. I got rejected. It was big fun.,positive
L720,u6,m0,MANDELLA,You didn't,negative
L719,u5,m0,KAT,I did Bianca a favor and it backfired.,negative
L718,u6,m0,MANDELLA,You didn't have a choice? Where's Kat and what have you done with her?,negative
L717,u5,m0,KAT,I didn't have a choice.,negative
L716,u6,m0,MANDELLA,You went to the party? I thought we were officially opposed to suburban social activity.,negative
L491,u5,m0,KAT,Who cares?,negative
L490,u6,m0,MANDELLA,What'd he say?,negative
L448,u5,m0,KAT,No fear.,neutral
L447,u6,m0,MANDELLA,You think this'll work?,negative
L254,u5,m0,KAT,If I was Bianca it would be Any school you want precious. Don't forget your tiara.,neutral
L253,u6,m0,MANDELLA,Does it matter?,negative
L252,u5,m0,KAT,I appreciate your efforts toward a speedy death but I'm consuming. Do you mind?,negative
L251,u5,m0,KAT,Neither has his heterosexuality.,negative
L250,u6,m0,MANDELLA,That's never been proven,negative
L249,u5,m0,KAT,William didn't even go to high school,negative
L248,u6,m0,MANDELLA,William would never have gone to a state school.,negative
L247,u5,m0,KAT,So he has this huge raging fit about Sarah Lawrence and insists that I go to his maledominated puking frat boy number one golf team school. I have no say at all.,negative
L152,u6,m0,MANDELLA,You could always go with me. I'm sure William has some friends.,positive
L151,u5,m0,KAT,The people at this school are so incredibly foul.,negative
L134,u6,m0,MANDELLA,But imagine the things he'd say during sex.,neutral
L133,u5,m0,KAT,I realize that the men of this fine institution are severely lacking but killing yourself so you can be with William Shakespeare is beyond the scope of normal teenage obsessions. You're venturing far past daytime talk show fodder and entering the world of those who need very expensive therapy.,positive
L132,u6,m0,MANDELLA,An attempted slit.,negative
L131,u5,m0,KAT,What's this?,negative
L130,u6,m0,MANDELLA,Just a little.,positive
L129,u5,m0,KAT,Mandella eat. Starving yourself is a very slow way to die.,negative
L128,u5,m0,KAT,Block E?,negative
L127,u6,m0,MANDELLA,He always look so,positive
L126,u5,m0,KAT,I'm sure he's completely incapable of doing anything that interesting.,negative
L125,u6,m0,MANDELLA,That's Pat Verona? The one who was gone for a year? I heard he was doing porn movies.,negative
L124,u5,m0,KAT,Patrick Verona  Random skid.,positive
L123,u6,m0,MANDELLA,Who's that?,negative
L1043,u9,m0,PATRICK,Don ' t you even dare. . .,neutral
L1042,u5,m0,KAT,Oh Bianca? Can you get me my freshman yearbook?,neutral
L1041,u9,m0,PATRICK,Because I like to torture you.,neutral
L1040,u5,m0,KAT,Why is my veggie burger the only burnt object on this grill?,negative
L1035,u9,m0,PATRICK,Yeah but then I fucked up. I fell for her.,negative
L1034,u5,m0,KAT,Is that right?,neutral
L1033,u9,m0,PATRICK,Besides I had some extra cash. Some asshole paid me to take out a really great girl.,positive
L1032,u9,m0,PATRICK,I thought you could use it. When you start your band.,neutral
L1031,u5,m0,KAT,A Fender Strat. You bought this?,negative
L977,u9,m0,PATRICK,I didn't care about the money.,negative
L976,u5,m0,KAT,Really? What was it like? A down payment now then a bonus for sleeping with me?,negative
L975,u9,m0,PATRICK,It wasn't like that.,negative
L974,u5,m0,KAT,You were paid to take me out! By the one person I truly hate. I knew it was a setup!,negative
L973,u9,m0,PATRICK,Wait I,positive
L961,u9,m0,PATRICK,It gets worse you still have your freshman yearbook?,negative
L960,u5,m0,KAT,That ' s completely adorable!,positive
L959,u9,m0,PATRICK,That's where I was last year. She'd never lived alone my grandfather died I stayed with her. I wasn't in jail I don't know Marilyn Manson and I've never slept with a Spice Girl. I spent a year sitting next to my grandma on the couch watching Wheel of Fortune. End of story.,negative
L958,u5,m0,KAT,What?,negative
L957,u9,m0,PATRICK,My grandmother's .,positive
L940,u5,m0,KAT,Look I'm sorry that I questioned your motives. I was wrong.,negative
L939,u9,m0,PATRICK,Oh huh,positive
L938,u5,m0,KAT,It's just something I had. You know,postive
L937,u9,m0,PATRICK,It's Scurvy's. His date got convicted. Where'd you get the dress?,negative
L936,u5,m0,KAT,How'd you get a tux at the last minute?,neutral
L857,u9,m0,PATRICK,Nothing! There's nothing in it for me. Just the pleasure of your company.,positive
L856,u5,m0,KAT,Answer the question Patrick,postive
L855,u9,m0,PATRICK,You need therapy. Has anyone ever told you that?,negative
L854,u5,m0,KAT,You tell me.,negative
L853,u9,m0,PATRICK,So I have to have a motive to be with you?,positive
L852,u5,m0,KAT,Create a little drama? Start a new rumor? What?,neutral
L848,u5,m0,KAT,Because I don't want to. It's a stupid tradition.,negative
L847,u9,m0,PATRICK,Why not?,negative
L846,u5,m0,KAT,No I won't go with you,negative
L845,u9,m0,PATRICK,No what?,negative
L844,u5,m0,KAT,No.,negative
L843,u9,m0,PATRICK,You know what I mean,positive
L842,u5,m0,KAT,Is that a request or a command?,neutral
L841,u9,m0,PATRICK,Go to the prom with me,neutral
L840,u5,m0,KAT,You're amazingly selfassured. Has anyone ever told you that?,positive
L839,u9,m0,PATRICK,No one else knows,negative
L838,u5,m0,KAT,What?,negative
L837,u9,m0,PATRICK,You're sweet. And sexy. And completely hot for me.,positive
L836,u5,m0,KAT,No something real. Something no one else knows.,negative
L835,u9,m0,PATRICK,I hate peas.,negative
L834,u5,m0,KAT,Tell me something true.,positive
L832,u5,m0,KAT,I know the porn career's a lie.,negative
L831,u9,m0,PATRICK,Hearsay.,positive
L830,u5,m0,KAT,The duck?,negative
L829,u9,m0,PATRICK,Fallacy.,positive
L828,u5,m0,KAT,State trooper?,negative
L825,u5,m0,KAT,For. . . ?,positive
L824,u9,m0,PATRICK,You up for it?,negative
L823,u9,m0,PATRICK,You never disappointed me.,positive
L822,u5,m0,KAT,How?,neutral
L821,u9,m0,PATRICK,Then you screwed up,negative
L820,u5,m0,KAT,Something like that,neutral
L819,u9,m0,PATRICK,So if you disappoint them from the start you're covered?,neutral
L818,u5,m0,KAT,I don't like to do what people expect. Then they expect it all the time and they get disappointed when you change.,negative
L817,u9,m0,PATRICK,Yes,positive
L816,u5,m0,KAT,Acting the way we do.,negative
L815,u9,m0,PATRICK,So what's your excuse?,negative
L814,u5,m0,KAT,Yeah well don't let it get out,negative
L813,u9,m0,PATRICK,A soft side? Who knew?,neutral
L812,u5,m0,KAT,I dazzled him with my wit,positive
L811,u9,m0,PATRICK,So how'd you get Chapin to look the other way?,neutral
L810,u5,m0,KAT,Good call.,positive
L809,u9,m0,PATRICK,I figured it had to be something ridiculous to win your respect. And piss you off.,negative
L808,u5,m0,KAT,The Partridge Family?,positive
L806,u9,m0,PATRICK,Maybe.,neutral
L805,u5,m0,KAT,You want me to climb up and show you how to get down?,neutral
L804,u9,m0,PATRICK,Forget it. I'm stayin'.,positive
L803,u5,m0,KAT,Put your right foot there,neutral
L802,u9,m0,PATRICK,Try lookin' at it from this angle,neutral
L801,u5,m0,KAT,C'mon. It's not that bad,negative
L800,u9,m0,PATRICK,I guess I never told you I'm afraid of heights.,negative
L799,u9,m0,PATRICK,Look up sunshine,neutral
L798,u5,m0,KAT,He left! I sprung the dickhead and he cruised on me.,negative
L774,u5,m0,KAT,Other than my upchuck reflex? Nothing.,negative
L773,u9,m0,PATRICK,So what did I have an effect on ?,negative
L772,u5,m0,KAT,Don't for one minute think that you had any effect whatsoever on my panties.,negative
L771,u9,m0,PATRICK,Unwelcome? I guess someone still has her panties in a twist.,neutral
L770,u5,m0,KAT,Unwelcome.,positive
L769,u9,m0,PATRICK,Wholesome.,positive
L768,u9,m0,PATRICK,Pleasant?,positive
L767,u5,m0,KAT,You 're so,positive
L766,u9,m0,PATRICK,I heard there was a poetry reading.,positive
L765,u5,m0,KAT,What are you doing here?,neutral
L764,u9,m0,PATRICK,Excuse me have you seen The Feminine Mystique? I lost my copy.,negative
L690,u9,m0,PATRICK,No offense but you're sister is without. I know everyone likes her and all but ,negative
L689,u5,m0,KAT,BIANCA,positive
L688,u9,m0,PATRICK,Who?,neutral
L687,u5,m0,KAT,He just wants me to be someone I'm not.,negative
L686,u9,m0,PATRICK,So what ' s up with your dad? He a pain in the ass?,negative
L684,u9,m0,PATRICK,I'm gettin' there,neutral
L683,u5,m0,KAT,Oh so now you think you know me?,negative
L682,u9,m0,PATRICK,You don't strike me as the type that would ask permission.,negative
L681,u5,m0,KAT,My father wouldn't approve of that that,negative
L680,u9,m0,PATRICK,Start a band?,neutral
L679,u5,m0,KAT,This.,negative
L678,u9,m0,PATRICK,Do what?,neutral
L677,u5,m0,KAT,I should do this.,neutral
L676,u5,m0,KAT,Why'd you lie?,negative
L675,u9,m0,PATRICK,Then why'd you ask?,negative
L674,u5,m0,KAT,No you weren't,negative
L673,u9,m0,PATRICK,Maybe.,neutral
L672,u5,m0,KAT,Were you in jail?,negative
L671,u9,m0,PATRICK,Busy,negative
L670,u5,m0,KAT,When you were gone last year where were you?,negative
L669,u5,m0,KAT,But it's Gigglepuss  I know you like them. I saw you there.,negative
L668,u9,m0,PATRICK,And I'm in control of it.,positive
L651,u5,m0,KAT,What?,negative
L650,u9,m0,PATRICK,Kat! Wake up!,negative
L646,u5,m0,KAT,You know what they say,neutral
L645,u9,m0,PATRICK,I thought you were above all that,negative
L644,u5,m0,KAT,Hey man. . . You don ' t think I can be cool? You don't think I can be laid back like everyone else?,negative
L643,u9,m0,PATRICK,I know. It'd have to be a pretty big deal to get you to mainline tequila. You don't seem like the type.,neutral
L642,u5,m0,KAT,I hate him.,negative
L641,u9,m0,PATRICK,Dorsey.,neutral
L640,u5,m0,KAT,Who?,neutral
L639,u9,m0,PATRICK,Why'd you let him get to you?,negative
L636,u5,m0,KAT,Just let me sit down.,negative
L635,u9,m0,PATRICK,See that? Who needs affection when I've got blind hatred?,negative
L634,u5,m0,KAT,Like you could find one,neutral
L633,u9,m0,PATRICK,Because then I'd have to start taking out girls who like me.,positive
L632,u5,m0,KAT,Why?,negative
L631,u9,m0,PATRICK,Sure I do,neutral
L630,u5,m0,KAT,You don't care if I die,negative
L629,u9,m0,PATRICK,I told you,positive
L628,u5,m0,KAT,Why 're you doing this?,negative
L627,u9,m0,PATRICK,Leave it to you to use big words when you're shitfaced.,neutral
L626,u5,m0,KAT,This is so patronizing.,negative
L616,u9,m0,PATRICK,What if you have a concussion? My dog went to sleep with a concussion and woke up a vegetable. Not that I could tell the difference,negative
L615,u5,m0,KAT,I know just let me sleep,negative
L614,u9,m0,PATRICK,Uh uh. You lie down and you'll go to sleep,negative
L613,u5,m0,KAT,I just need to lie down for awhile,negative
L612,u9,m0,PATRICK,You're not okay.,negative
L611,u5,m0,KAT,I'm fine. I'm,positive
L610,u9,m0,PATRICK,Okay?,positive
L567,u5,m0,KAT,Funny you're the only one,positive
L566,u9,m0,PATRICK,I say do what you wanna do.,neutral
L565,u5,m0,KAT,I'm getting trashed man. Isn't that what you're supposed to do at a party?,negative
L564,u9,m0,PATRICK,What's this?,negative
L483,u9,m0,PATRICK,Why don't you?,negative
L482,u5,m0,KAT,You know who The Raincoats are?,neutral
L481,u9,m0,PATRICK,You know these guys are no Bikini Kill or The Raincoats but they're right up there.,neutral
L477,u9,m0,PATRICK,Do you mind? You're sort of ruining it for me.,negative
L476,u5,m0,KAT,That's what you want isn't it?,negative
L475,u9,m0,PATRICK,Excuse me?,negative
L474,u5,m0,KAT,,#VALUE!
L473,u9,m0,PATRICK,hey. Great show huh?,positive
L334,u5,m0,KAT,Depends on the topic. My fenders don't really whip me into a verbal frenzy.,negative
L333,u9,m0,PATRICK,You're not a big talker are you?,negative
L332,u5,m0,KAT,Hi,neutral
L331,u9,m0,PATRICK,I was in the laundromat. I saw your car. Thought I'd say hi.,neutral
L330,u5,m0,KAT,Are you following me?,negative
L328,u9,m0,PATRICK,Seventhirty?,negative
L327,u5,m0,KAT,You covered in my vomit.,negative
L326,u9,m0,PATRICK,Come on the ponies the flat beer you with money in your eyes me with my hand on your ass,neutral
L325,u5,m0,KAT,And why would I do that?,negative
L324,u9,m0,PATRICK,Then say you'll spend Dollar Night at the track with me.,positive
L323,u5,m0,KAT,I don't really think you warrant that strong an emotion.,positive
L322,u9,m0,PATRICK,You hate me don't you?,negative
L313,u9,m0,PATRICK,I know a lot more than that,positive
L312,u5,m0,KAT,Like where? The 7Eleven on Burnside? Do you even know my name screwboy?,negative
L311,u9,m0,PATRICK,The night I take you to places you've never been before. And back.,positive
L310,u5,m0,KAT,Oh right. Friday.,positive
L309,u9,m0,PATRICK,Pick you up Friday then,neutral
L307,u5,m0,KAT,My mission in life.,positive
L306,u9,m0,PATRICK,There's a way to get a guy's attention.,positive
L305,u5,m0,KAT,Sweating like a pig actually. And yourself?,positive
L304,u9,m0,PATRICK,I mean Woman. How ya doin'?,positive
L1000,u11,m0,WALTER,Oh Christ. Don't tell me you've changed your mind. I already sent 'em a check.,negative
L999,u5,m0,KAT,When I go?,negative
L998,u11,m0,WALTER,You know fathers don't like to admit that their daughters are capable of running their own lives. It means we've become spectators. Bianca still lets me play a few innings. You've had me on the bleachers for years. When you go to Sarah Lawrence I won't even be able to watch the game.,positive
L997,u11,m0,WALTER,No impressed.,negative
L996,u5,m0,KAT,What's the matter? Upset that I rubbed off on her?,negative
L995,u11,m0,WALTER,Bianca did what?,negative
L994,u5,m0,KAT,The part where Bianca beat the hell out of some guy.,positive
L993,u11,m0,WALTER,Which parts?,neutral
L992,u5,m0,KAT,Parts of it.,neutral
L991,u11,m0,WALTER,So tell me about this dance. Was it fun?,positive
L990,u5,m0,KAT,No Daddy.,negative
L989,u11,m0,WALTER,I don't understand the allure of dehydrated food. Is this something I should be hip to?,negative
L988,u11,m0,WALTER,Funny.,positive
L987,u5,m0,KAT,Yeah. She left with some bikers Big ones. Full of sperm.,negative
L986,u11,m0,WALTER,Was that your sister?,neutral
L347,u5,m0,KAT,I want to go to an East Coast school! I want you to trust me to make my own choices. I want,positive
L346,u11,m0,WALTER,You're eighteen. You don't know what you want. You won't know until you're fortyfive and you don't have it.,negative
L345,u5,m0,KAT,So what I want doesn't matter?,negative
L344,u11,m0,WALTER,As a parent that's my right,positive
L343,u5,m0,KAT,Because you're making decisions for me.,positive
L342,u11,m0,WALTER,Why can't we agree on this?,negative
L341,u5,m0,KAT,I thought you were punishing me.,negative
L340,u11,m0,WALTER,Is this about Sarah Lawrence? You punishing me?,negative
L339,u5,m0,KAT,Then tell them I had a seizure.,negative
L338,u11,m0,WALTER,My insurance does not cover PMS,negative
L185,u11,m0,WALTER,Enough!,positive
L184,u5,m0,KAT,This from someone whose diary is devoted to favorite grooming tips?,neutral
L174,u5,m0,KAT,You decided.,positive
L173,u11,m0,WALTER,I thought we decided you were going to school here. At U of 0.,negative
L172,u5,m0,KAT,I know.,positive
L1018,u8,m0,MISS PERKY,Just smack her now.,positive
L1017,u5,m0,KAT,Am I supposed to feel better? Like right now? Or do I have some time to think about it?,negative
L109,u8,m0,MISS PERKY,No  I believe heinous bitch is the term used most often.,neutral
L108,u5,m0,KAT,Tempestuous?,negative
L107,u8,m0,MISS PERKY,The point is Kat people perceive you as somewhat ,negative
L106,u5,m0,KAT,I still maintain that he kicked himself in the balls. I was merely a spectator.,positive
L105,u8,m0,MISS PERKY,Well yes compared to your other choices of expression this year today's events are quite mild. By the way Bobby Rictor's gonad retrieval operation went quite well in case you're interested.,positive
L104,u5,m0,KAT,Expressing my opinion is not a terrorist action.,negative
L103,u8,m0,MISS PERKY,Katarina Stratford. My my. You've been terrorizing Ms. Blaise again.,positive
L738,u6,m0,MANDELLA,Yeah,neutral
L737,u7,m0,MICHAEL,Kat a fan too?,positive
L736,u6,m0,MANDELLA,Right.,positive
L735,u7,m0,MICHAEL,Macbeth right?,neutral
L733,u7,m0,MICHAEL,Oh yeah.,positive
L732,u6,m0,MANDELLA,You think?,negative
L731,u6,m0,MANDELLA,Yeah. I guess.,positive
L730,u7,m0,MICHAEL,Cool pictures. You a fan?,positive
L729,u6,m0,MANDELLA,Hi.,neutral
L728,u7,m0,MICHAEL,Hey there. Tired of breathing?,negative
L777,u9,m0,PATRICK,Man don't say shit like that to me. People can hear you.,negative
L776,u7,m0,MICHAEL,Sweet love renew thy force!,positive
L775,u9,m0,PATRICK,You were right. She's still pissed.,negative
L724,u9,m0,PATRICK,No  I've got a sweetpayin' job that I'm about to lose.,negative
L723,u7,m0,MICHAEL,So you got cozy with she who stings?,negative
L437,u9,m0,PATRICK,I'm likin' you guys better,positive
L436,u7,m0,MICHAEL,I prefer to think of it simply as an alternative to what the law allows.,positive
L429,u9,m0,PATRICK,Yeah.,positive
L428,u7,m0,MICHAEL,Ever been to Club Skunk?,negative
L421,u7,m0,MICHAEL,Just for now.,positive
L420,u9,m0,PATRICK,Are you telling me I'm a  nonsmoker?,negative
L415,u7,m0,MICHAEL,Good enough.,positive
L414,u9,m0,PATRICK,What?!,negative
L384,u7,m0,MICHAEL,We're your guys.,positive
L383,u9,m0,PATRICK,You two are gonna help me tame the wild beast?,neutral
L382,u7,m0,MICHAEL,Patrick Pat you're not looking at the big picture. Joey's just a pawn. We set this whole thing up so Cameron can get the girl.,neutral
L381,u9,m0,PATRICK,So Dorsey can get the girl?,neutral
L380,u7,m0,MICHAEL,That's where we can help you. With Kat.,positive
L379,u9,m0,PATRICK,Dorsey can plow whoever he wants. I'm just in this for the cash.,neutral
L378,u7,m0,MICHAEL,I think I speak correctly when I say that Cameron's love is pure. Purer than say Joey Dorsey's.,positive
L377,u9,m0,PATRICK,What is it with this chick? She have three tits?,negative
L376,u7,m0,MICHAEL,The situation is my man Cameron here has a major jones for Bianca Stratford.,positive
L375,u9,m0,PATRICK,What plan?,neutral
L373,u9,m0,PATRICK,Whatever the hell it is you're standin' there waitin' to say.,negative
L372,u7,m0,MICHAEL,What?,negative
L371,u9,m0,PATRICK,Say it,neutral
L512,u9,m0,PATRICK,See you next week!,neutral
L511,u8,m0,MISS PERKY,You're completely demented.,negative
L264,u9,m0,PATRICK,Well you know there's the prestige of the job title and the benefits package is pretty good,positive
L263,u8,m0,MISS PERKY,You weren't abused you aren't stupid and as far as I can tell you're only slightly psychotic so why is it that you're such a fuckup?,negative
L262,u9,m0,PATRICK,What's to discuss?,neutral
L261,u8,m0,MISS PERKY,Why don't we discuss your driving need to be a hemorrhoid?,negative
L259,u8,m0,MISS PERKY,I'm at a loss then. What should we talk about? Your year of absence?,negative
L258,u9,m0,PATRICK,Touch of the flu.,positive
L257,u8,m0,MISS PERKY,I don't understand Patrick. You haven't done anything asinine this week. Are you not feeling well?,negative
L62,u8,m0,MISS PERKY,With the teeth of your zipper?,neutral
L61,u9,m0,PATRICK,It was a bratwurst. I was eating lunch.,negative
L60,u8,m0,MISS PERKY,It says here you exposed yourself to a group of freshmen girls.,neutral
L59,u9,m0,PATRICK,I missed you.,positive
L933,u11,m0,WALTER,That ' s what I thought,positive
L932,u10,m0,SHARON,Absolutely not.,negative
L931,u11,m0,WALTER,Did I have anything to say about it?,negative
L930,u10,m0,SHARON,Your daughters went to the prom.,neutral
L929,u11,m0,WALTER,What just happened?,negative
L927,u11,m0,WALTER,But who what?,negative
L926,u10,m0,SHARON,Have a great time honey!,positive
L918,u10,m0,SHARON,Dr. Ruth?,positive
L917,u11,m0,WALTER,What do you wanna watch? We've got crap crap crap or crap,negative
L887,u11,m0,WALTER,Kissing? Is that what you think happens? Kissing isn't what keeps me up to my elbows in placenta all day.,negative
L886,u10,m0,SHARON,They'll dance they'll kiss they'll come home. Let her go.,neutral
L877,u11,m0,WALTER,Pirate no question.,neutral
L876,u10,m0,SHARON,Would you rather be ravished by a pirate or a British rear admiral?,neutral
L193,u11,m0,WALTER,You're not helping.,negative
L192,u10,m0,SHARON,Tumescent!,positive
L191,u11,m0,WALTER,Jesus! Can a man even grab a sandwich before you women start dilating?,negative
L171,u11,m0,WALTER,Sarah Lawrence is on the other side of the country.,positive
L170,u10,m0,SHARON,What's a synonym for throbbing?,negative
L162,u11,m0,WALTER,Make anyone cry today?,neutral
L161,u10,m0,SHARON,In the microwave.,neutral
